标识位,命令单元,车辆识别号,软件版本号,加密方式,数据单元长度,时间,信息流水号,信息类型,obd诊断协议,mil状态,支持诊断状态,诊断就绪状态,车辆识别号,软件标定识别号,标定验证码,iupr值,故障码总数,数据类型,车速,大气压值,发动机扭矩,摩擦扭矩,发动机转速,发动机燃料流量,上nox,下nox,尿素箱液位,进气量,入口温度,出口温度,dpf压差,冷却液温度,油箱液位,定位状态,纬度,经度,里程,补充位,发动机扭矩模式,油门踏板,累计油耗,尿素箱温度,实际尿素喷射量,累计尿素喷射量,dpf排气温度
2323,2,3131323233333131323233333131323233,2,1,00a1,6,03C8,1,0,0,0,0,3131323233333131323233333131323233,303030303030303030303030303030303030,303030303030303030303030303030303030,303030303030303030303030303030303030303030303030303030303030303030303030,0,2,50,50,50,50,50,50,50,50,50,50,50,50,50,50,50,1,38.338816,116.267448,100,80,1,50,50,50,50,50,50
2323,2,3131323233333131323233333131323233,2,1,00a1,6,03C8,1,0,0,0,0,3131323233333131323233333131323233,303030303030303030303030303030303030,303030303030303030303030303030303030,303030303030303030303030303030303030303030303030303030303030303030303030,0,2,60,60,60,60,60,60,60,60,60,60,60,60,60,60,40,1,22.613845,114.02447,200,80,1,60,60,60,60,60,60
2323,2,3131323233333131323233333131323233,2,1,00a1,6,03C8,1,0,0,0,0,3131323233333131323233333131323233,303030303030303030303030303030303030,303030303030303030303030303030303030,303030303030303030303030303030303030303030303030303030303030303030303030,0,2,70,70,70,70,70,70,70,70,20,70,70,70,70,70,70,1,22.613845,114.02447,1000,80,1,70,70,70,70,70,70
